method,n,r,c,paths,ML,MPL,total_edges
SAP,500,0.5,1,61,13.557377049180328,2.7114754098360656,62245
DFS,500,0.5,1,61,4.180327868852459,0.8360655737704918,62245
MAXCAP,500,0.5,1,61,4.180327868852459,0.8360655737704918,62245
RANDOM,500,0.5,1,61,5.016393442622951,1.0032786885245901,62245
