method,n,r,c,paths,ML,MPL,total_edges
SAP,300,0.3,1,30,19.2,1.1294117647058823,9667
DFS,300,0.3,1,30,5.8,0.3411764705882353,9667
MAXCAP,300,0.3,1,30,5.8,0.3411764705882353,9667
RANDOM,300,0.3,1,30,7.4,0.43529411764705883,9667
SAP,300,0.3,200,509,21.980353634577604,1.3737721021611002,10069
DFS,300,0.3,200,69,5.681159420289855,0.35507246376811596,10069
MAXCAP,300,0.3,200,46,9.23913043478261,0.5774456521739131,10069
RANDOM,300,0.3,200,69,6.492753623188406,0.4057971014492754,10069
